Mask value ; Group I ; Group II ; Group III ; Group IV ; Group V ; Group VI ; Group VII ; Group VIII ; Group IX ; Group X ; Group XI ; Group XII ; Group XIII ;
000000|0|1|0 ; - ; 52.49 ; 33.41 ; 2.49 ; - ; - ; - ; 11.43 ; - ; 0.18 ; - ; - ; - ; 
000000|0|1|1 ; - ; - ; - ; 100.00 ; - ; - ; - ; - ; - ; - ; - ; - ; - ; 
000000|0|2|0 ; - ; 79.05 ; - ; 3.67 ; - ; - ; - ; 17.01 ; - ; 0.26 ; - ; - ; - ; 
000000|0|2|1 ; - ; - ; - ; 100.00 ; - ; - ; - ; - ; - ; - ; - ; - ; - ; 
000000|1|1|0 ; - ; - ; - ; 16.92 ; - ; - ; - ; 81.78 ; - ; 1.29 ; - ; - ; - ; 
000000|1|1|1 ; - ; - ; - ; 100.00 ; - ; - ; - ; - ; - ; - ; - ; - ; - ; 
000000|1|2|0 ; - ; 0.01 ; - ; 17.55 ; - ; - ; - ; 81.16 ; - ; 1.27 ; - ; - ; - ; 
000000|1|2|1 ; - ; - ; - ; 100.00 ; - ; - ; - ; - ; - ; - ; - ; - ; - ; 
000001|0|1|0 ; - ; 36.73 ; 49.37 ; 2.10 ; - ; - ; 0.60 ; 10.62 ; - ; 0.59 ; - ; - ; - ; 
000001|0|1|1 ; - ; - ; - ; 100.00 ; - ; - ; - ; - ; - ; - ; - ; - ; - ; 
000001|0|2|0 ; - ; 72.30 ; - ; 4.16 ; - ; - ; 1.18 ; 21.21 ; - ; 1.15 ; - ; - ; - ; 
000001|0|2|1 ; - ; - ; - ; 100.00 ; - ; - ; - ; - ; - ; - ; - ; - ; - ; 
000001|1|1|0 ; - ; - ; - ; 15.91 ; - ; - ; - ; 79.73 ; - ; 4.36 ; - ; - ; - ; 
000001|1|1|1 ; - ; - ; - ; 100.00 ; - ; - ; - ; - ; - ; - ; - ; - ; - ; 
000001|1|2|0 ; - ; - ; - ; 15.34 ; - ; - ; - ; 80.22 ; - ; 4.44 ; - ; - ; - ; 
000001|1|2|1 ; - ; - ; - ; 100.00 ; - ; - ; - ; - ; - ; - ; - ; - ; - ; 
000010|0|1|0 ; - ; 33.29 ; 50.31 ; 1.98 ; - ; - ; 2.47 ; 10.90 ; 0.01 ; 1.05 ; - ; - ; - ; 
000010|0|1|1 ; - ; - ; - ; 100.00 ; - ; - ; - ; - ; - ; - ; - ; - ; - ; 
000010|0|2|0 ; - ; 66.68 ; - ; 3.92 ; - ; - ; 4.98 ; 22.25 ; - ; 2.17 ; - ; - ; - ; 
000010|0|2|1 ; - ; - ; - ; 100.00 ; - ; - ; - ; - ; - ; - ; - ; - ; - ; 
000010|1|1|0 ; - ; - ; - ; 14.39 ; - ; - ; - ; 77.76 ; 0.07 ; 7.77 ; - ; - ; - ; 
000010|1|1|1 ; - ; - ; - ; 100.00 ; - ; - ; - ; - ; - ; - ; - ; - ; - ; 
000010|1|2|0 ; - ; - ; - ; 13.74 ; - ; - ; - ; 78.61 ; - ; 7.66 ; - ; - ; - ; 
000010|1|2|1 ; - ; - ; - ; 100.00 ; - ; - ; - ; - ; - ; - ; - ; - ; - ; 
000011|0|1|0 ; 4.55 ; 28.29 ; 46.83 ; 1.67 ; - ; - ; 4.80 ; 10.19 ; - ; 1.42 ; - ; - ; 2.27 ; 
000011|0|1|1 ; - ; - ; - ; 100.00 ; - ; - ; - ; - ; - ; - ; - ; - ; - ; 
000011|0|2|0 ; - ; 57.88 ; - ; 3.39 ; - ; - ; 9.95 ; 21.13 ; 0.01 ; 2.96 ; - ; - ; 4.68 ; 
000011|0|2|1 ; - ; - ; - ; 100.00 ; - ; - ; - ; - ; - ; - ; - ; - ; - ; 
000011|1|1|0 ; - ; - ; - ; 12.92 ; - ; - ; - ; 76.25 ; 0.04 ; 10.79 ; - ; - ; - ; 
000011|1|1|1 ; - ; - ; - ; 100.00 ; - ; - ; - ; - ; - ; - ; - ; - ; - ; 
000011|1|2|0 ; - ; - ; - ; 12.75 ; - ; - ; - ; 76.55 ; - ; 10.70 ; - ; - ; - ; 
000011|1|2|1 ; - ; - ; - ; 100.00 ; - ; - ; - ; - ; - ; - ; - ; - ; - ; 
000100|0|1|0 ; 24.65 ; 17.61 ; 30.81 ; 1.04 ; - ; - ; 5.49 ; 6.79 ; 0.00 ; 1.26 ; - ; - ; 12.37 ; 
000100|0|1|1 ; - ; - ; - ; 100.00 ; - ; - ; - ; - ; - ; - ; - ; - ; - ; 
000100|0|2|0 ; - ; 39.31 ; - ; 2.15 ; - ; - ; 12.37 ; 15.38 ; - ; 2.86 ; - ; - ; 27.93 ; 
000100|0|2|1 ; - ; - ; - ; 100.00 ; - ; - ; - ; - ; - ; - ; - ; - ; - ; 
000100|1|1|0 ; - ; - ; - ; 10.64 ; - ; - ; - ; 75.09 ; 0.19 ; 14.09 ; - ; - ; - ; 
000100|1|1|1 ; - ; - ; - ; 100.00 ; - ; - ; - ; - ; - ; - ; - ; - ; - ; 
000100|1|2|0 ; - ; - ; - ; 10.97 ; - ; - ; - ; 74.98 ; 0.26 ; 13.79 ; - ; - ; - ; 
000100|1|2|1 ; - ; - ; - ; 100.00 ; - ; - ; - ; - ; - ; - ; - ; - ; - ; 
000101|0|1|0 ; 35.89 ; 11.82 ; 22.06 ; 0.67 ; - ; - ; 5.70 ; 4.86 ; 0.01 ; 1.11 ; - ; - ; 17.88 ; 
000101|0|1|1 ; - ; - ; - ; 100.00 ; - ; - ; - ; - ; - ; - ; - ; - ; - ; 
000101|0|2|0 ; - ; 28.18 ; - ; 1.47 ; - ; - ; 13.43 ; 11.51 ; 0.05 ; 2.70 ; - ; - ; 42.66 ; 
000101|0|2|1 ; - ; - ; - ; 100.00 ; - ; - ; - ; - ; - ; - ; - ; - ; - ; 
000101|1|1|0 ; - ; - ; - ; 9.90 ; - ; - ; - ; 72.86 ; 0.26 ; 16.99 ; - ; - ; - ; 
000101|1|1|1 ; - ; - ; - ; 100.00 ; - ; - ; - ; - ; - ; - ; - ; - ; - ; 
000101|1|2|0 ; - ; - ; - ; 10.05 ; - ; - ; - ; 72.67 ; 0.48 ; 16.80 ; - ; - ; - ; 
000101|1|2|1 ; - ; - ; - ; 100.00 ; - ; - ; - ; - ; - ; - ; - ; - ; - ; 
000110|0|1|0 ; 42.24 ; 8.68 ; 16.95 ; 0.45 ; - ; - ; 5.78 ; 3.76 ; 0.04 ; 1.05 ; - ; - ; 21.06 ; 
000110|0|1|1 ; - ; - ; - ; 100.00 ; - ; - ; - ; - ; - ; - ; - ; - ; - ; 
000110|0|2|0 ; - ; 21.31 ; - ; 1.13 ; - ; - ; 14.09 ; 9.17 ; 0.09 ; 2.58 ; - ; - ; 51.63 ; 
000110|0|2|1 ; - ; - ; - ; 100.00 ; - ; - ; - ; - ; - ; - ; - ; - ; - ; 
000110|1|1|0 ; - ; - ; - ; 8.39 ; - ; - ; - ; 71.07 ; 0.55 ; 19.98 ; - ; - ; - ; 
000110|1|1|1 ; - ; - ; - ; 100.00 ; - ; - ; - ; - ; - ; - ; - ; - ; - ; 
000110|1|2|0 ; - ; - ; - ; 8.29 ; - ; - ; - ; 71.18 ; 0.55 ; 19.98 ; - ; - ; - ; 
000110|1|2|1 ; - ; - ; - ; 100.00 ; - ; - ; - ; - ; - ; - ; - ; - ; - ; 
000111|0|1|0 ; 46.37 ; 6.74 ; 13.65 ; 0.33 ; - ; - ; 5.78 ; 3.03 ; 0.05 ; 1.00 ; - ; - ; 23.05 ; 
000111|0|1|1 ; - ; - ; - ; 100.00 ; - ; - ; - ; - ; - ; - ; - ; - ; - ; 
000111|0|2|0 ; - ; 16.67 ; - ; 0.79 ; - ; - ; 14.41 ; 7.54 ; 0.13 ; 2.46 ; - ; - ; 57.99 ; 
000111|0|2|1 ; - ; - ; - ; 100.00 ; - ; - ; - ; - ; - ; - ; - ; - ; - ; 
000111|1|1|0 ; - ; 0.01 ; - ; 7.82 ; - ; - ; - ; 68.17 ; 1.76 ; 22.25 ; - ; - ; - ; 
000111|1|1|1 ; - ; - ; - ; 100.00 ; - ; - ; - ; - ; - ; - ; - ; - ; - ; 
000111|1|2|0 ; - ; - ; - ; 7.42 ; - ; - ; - ; 68.37 ; 1.87 ; 22.33 ; - ; - ; - ; 
000111|1|2|1 ; - ; - ; - ; 100.00 ; - ; - ; - ; - ; - ; - ; - ; - ; - ; 
001000|0|1|0 ; 46.57 ; 5.76 ; 11.88 ; 0.26 ; 0.16 ; 0.17 ; 5.59 ; 2.67 ; 0.11 ; 1.01 ; 0.07 ; 2.61 ; 23.15 ; 
001000|0|1|1 ; - ; - ; - ; 100.00 ; - ; - ; - ; - ; - ; - ; - ; - ; - ; 
001000|0|2|0 ; - ; 13.84 ; - ; 0.66 ; - ; 0.39 ; 13.46 ; 6.43 ; 0.27 ; 2.45 ; 0.16 ; 6.36 ; 55.97 ; 
001000|0|2|1 ; - ; - ; - ; 100.00 ; - ; - ; - ; - ; - ; - ; - ; - ; - ; 
001000|1|1|0 ; - ; - ; - ; 3.85 ; 2.36 ; - ; - ; 38.88 ; 1.48 ; 14.57 ; 0.96 ; 37.89 ; - ; 
001000|1|1|1 ; - ; - ; - ; 100.00 ; - ; - ; - ; - ; - ; - ; - ; - ; - ; 
001000|1|2|0 ; - ; - ; - ; 3.85 ; - ; - ; - ; 39.81 ; 1.68 ; 14.95 ; 1.01 ; 38.71 ; - ; 
001000|1|2|1 ; - ; - ; - ; 100.00 ; - ; - ; - ; - ; - ; - ; - ; - ; - ; 
001001|0|1|0 ; 44.02 ; 5.11 ; 10.99 ; 0.21 ; 0.45 ; 0.45 ; 5.27 ; 2.46 ; 0.15 ; 1.07 ; 0.19 ; 7.44 ; 22.20 ; 
001001|0|1|1 ; - ; - ; - ; 100.00 ; - ; - ; - ; - ; - ; - ; - ; - ; - ; 
001001|0|2|0 ; - ; 11.45 ; - ; 0.49 ; - ; 0.98 ; 11.84 ; 5.56 ; 0.40 ; 2.40 ; 0.42 ; 16.62 ; 49.84 ; 
001001|0|2|1 ; - ; - ; - ; 100.00 ; - ; - ; - ; - ; - ; - ; - ; - ; - ; 
001001|1|1|0 ; - ; - ; - ; 1.73 ; 3.74 ; - ; - ; 20.84 ; 1.33 ; 8.95 ; 1.57 ; 61.83 ; - ; 
001001|1|1|1 ; - ; - ; - ; 100.00 ; - ; - ; - ; - ; - ; - ; - ; - ; - ; 
001001|1|2|0 ; - ; - ; - ; 1.86 ; - ; - ; - ; 21.51 ; 1.55 ; 9.33 ; 1.62 ; 64.13 ; - ; 
001001|1|2|1 ; - ; - ; - ; 100.00 ; - ; - ; - ; - ; - ; - ; - ; - ; - ; 
001010|0|1|0 ; 42.09 ; 4.60 ; 10.13 ; 0.19 ; 0.68 ; 0.68 ; 5.04 ; 2.30 ; 0.23 ; 1.12 ; 0.32 ; 11.62 ; 21.01 ; 
001010|0|1|1 ; - ; - ; - ; 100.00 ; - ; - ; - ; - ; - ; - ; - ; - ; - ; 
001010|0|2|0 ; - ; 9.74 ; - ; 0.42 ; - ; 1.50 ; 10.63 ; 4.89 ; 0.54 ; 2.35 ; 0.66 ; 24.63 ; 44.64 ; 
001010|0|2|1 ; - ; - ; - ; 100.00 ; - ; - ; - ; - ; - ; - ; - ; - ; - ; 
001010|1|1|0 ; - ; - ; - ; 1.14 ; 4.26 ; - ; - ; 14.03 ; 1.45 ; 6.73 ; 1.93 ; 70.46 ; - ; 
001010|1|1|1 ; - ; - ; - ; 100.00 ; - ; - ; - ; - ; - ; - ; - ; - ; - ; 
001010|1|2|0 ; - ; - ; - ; 1.15 ; - ; - ; - ; 14.61 ; 1.61 ; 7.03 ; 2.01 ; 73.58 ; - ; 
001010|1|2|1 ; - ; - ; - ; 100.00 ; - ; - ; - ; - ; - ; - ; - ; - ; - ; 
001011|0|1|0 ; 38.83 ; 4.50 ; 10.11 ; 0.17 ; 1.00 ; 1.01 ; 5.02 ; 2.31 ; 0.38 ; 1.24 ; 0.47 ; 15.62 ; 19.34 ; 
001011|0|1|1 ; - ; - ; - ; 100.00 ; - ; - ; - ; - ; - ; - ; - ; - ; - ; 
001011|0|2|0 ; - ; 8.99 ; - ; 0.33 ; - ; 2.00 ; 10.04 ; 4.60 ; 0.77 ; 2.50 ; 0.94 ; 30.94 ; 38.89 ; 
001011|0|2|1 ; - ; - ; - ; 100.00 ; - ; - ; - ; - ; - ; - ; - ; - ; - ; 
001011|1|1|0 ; - ; - ; - ; 0.77 ; 4.68 ; - ; - ; 10.90 ; 1.90 ; 5.85 ; 2.22 ; 73.68 ; - ; 
001011|1|1|1 ; - ; - ; - ; 100.00 ; - ; - ; - ; - ; - ; - ; - ; - ; - ; 
001011|1|2|0 ; - ; - ; - ; 0.78 ; - ; - ; - ; 11.51 ; 2.02 ; 6.19 ; 2.29 ; 77.21 ; - ; 
001011|1|2|1 ; - ; - ; - ; 100.00 ; - ; - ; - ; - ; - ; - ; - ; - ; - ; 
001100|0|1|0 ; 34.60 ; 4.93 ; 11.35 ; 0.15 ; 1.47 ; 1.42 ; 5.46 ; 2.60 ; 0.61 ; 1.56 ; 0.71 ; 17.96 ; 17.19 ; 
001100|0|1|1 ; - ; - ; - ; 100.00 ; - ; - ; - ; - ; - ; - ; - ; - ; - ; 
001100|0|2|0 ; - ; 9.28 ; - ; 0.29 ; - ; 2.86 ; 10.37 ; 4.93 ; 1.32 ; 2.95 ; 1.32 ; 33.98 ; 32.69 ; 
001100|0|2|1 ; - ; - ; - ; 100.00 ; - ; - ; - ; - ; - ; - ; - ; - ; - ; 
001100|1|1|0 ; - ; 0.00 ; - ; 0.65 ; 5.79 ; - ; - ; 10.43 ; 2.77 ; 6.25 ; 2.77 ; 71.34 ; - ; 
001100|1|1|1 ; - ; - ; - ; 100.00 ; - ; - ; - ; - ; - ; - ; - ; - ; - ; 
001100|1|2|0 ; - ; - ; - ; 0.75 ; - ; - ; - ; 11.10 ; 2.74 ; 6.59 ; 2.94 ; 75.88 ; - ; 
001100|1|2|1 ; - ; - ; - ; 100.00 ; - ; - ; - ; - ; - ; - ; - ; - ; - ; 
001101|0|1|0 ; 29.72 ; 5.72 ; 13.43 ; 0.19 ; 2.14 ; 2.13 ; 6.27 ; 3.09 ; 1.10 ; 2.04 ; 1.05 ; 18.37 ; 14.75 ; 
001101|0|1|1 ; - ; - ; - ; 100.00 ; - ; - ; - ; - ; - ; - ; - ; - ; - ; 
001101|0|2|0 ; - ; 10.39 ; - ; 0.33 ; - ; 3.87 ; 11.44 ; 5.61 ; 1.90 ; 3.68 ; 1.91 ; 33.36 ; 27.50 ; 
001101|0|2|1 ; - ; - ; - ; 100.00 ; - ; - ; - ; - ; - ; - ; - ; - ; - ; 
001101|1|1|0 ; - ; - ; - ; 0.66 ; 7.76 ; - ; - ; 11.07 ; 3.91 ; 7.25 ; 3.75 ; 65.60 ; - ; 
001101|1|1|1 ; - ; - ; - ; 100.00 ; - ; - ; - ; - ; - ; - ; - ; - ; - ; 
001101|1|2|0 ; - ; - ; - ; 0.70 ; - ; - ; - ; 11.98 ; 4.27 ; 7.87 ; 4.05 ; 71.12 ; - ; 
001101|1|2|1 ; - ; - ; - ; 100.00 ; - ; - ; - ; - ; - ; - ; - ; - ; - ; 
001110|0|1|0 ; 23.21 ; 7.05 ; 16.81 ; 0.20 ; 3.27 ; 3.33 ; 7.95 ; 3.90 ; 1.99 ; 2.83 ; 1.61 ; 16.38 ; 11.46 ; 
001110|0|1|1 ; - ; - ; - ; 100.00 ; - ; - ; - ; - ; - ; - ; - ; - ; - ; 
001110|0|2|0 ; - ; 12.41 ; - ; 0.36 ; - ; 5.91 ; 14.08 ; 6.95 ; 3.13 ; 5.00 ; 2.87 ; 29.07 ; 20.22 ; 
001110|0|2|1 ; - ; - ; - ; 100.00 ; - ; - ; - ; - ; - ; - ; - ; - ; - ; 
001110|1|1|0 ; - ; - ; - ; 0.64 ; 11.04 ; - ; - ; 13.13 ; 5.74 ; 9.42 ; 5.38 ; 54.64 ; - ; 
001110|1|1|1 ; - ; - ; - ; 100.00 ; - ; - ; - ; - ; - ; - ; - ; - ; - ; 
001110|1|2|0 ; - ; - ; - ; 0.77 ; - ; - ; - ; 14.54 ; 7.30 ; 10.58 ; 5.99 ; 60.83 ; - ; 
001110|1|2|1 ; - ; - ; - ; 100.00 ; - ; - ; - ; - ; - ; - ; - ; - ; - ; 
001111|0|1|0 ; 10.71 ; 9.47 ; 22.90 ; 0.24 ; 5.30 ; 5.36 ; 11.19 ; 5.36 ; 3.54 ; 4.21 ; 2.63 ; 13.49 ; 5.60 ; 
001111|0|1|1 ; - ; - ; - ; 100.00 ; - ; - ; - ; - ; - ; - ; - ; - ; - ; 
001111|0|2|0 ; - ; 15.64 ; - ; 0.43 ; - ; 8.90 ; 18.35 ; 8.85 ; 5.86 ; 6.94 ; 4.33 ; 21.99 ; 8.71 ; 
001111|0|2|1 ; - ; - ; - ; 100.00 ; - ; - ; - ; - ; - ; - ; - ; - ; - ; 
001111|1|1|0 ; - ; - ; - ; 0.70 ; 15.54 ; - ; - ; 15.74 ; 9.73 ; 12.29 ; 7.58 ; 38.42 ; - ; 
001111|1|1|1 ; - ; - ; - ; 100.00 ; - ; - ; - ; - ; - ; - ; - ; - ; - ; 
001111|1|2|0 ; - ; - ; - ; 0.92 ; - ; - ; - ; 18.12 ; 11.78 ; 14.26 ; 8.92 ; 46.00 ; - ; 
001111|1|2|1 ; - ; - ; - ; 100.00 ; - ; - ; - ; - ; - ; - ; - ; - ; - ; 
010000|0|1|0 ; - ; 11.70 ; 28.44 ; 0.30 ; 7.62 ; 7.61 ; 14.26 ; 6.66 ; 5.75 ; 5.74 ; 3.77 ; 8.16 ; - ; 
010000|0|1|1 ; - ; - ; - ; 100.00 ; - ; - ; - ; - ; - ; - ; - ; - ; - ; 
010000|0|2|0 ; - ; 18.25 ; - ; 0.42 ; - ; 12.01 ; 22.43 ; 10.48 ; 8.66 ; 9.02 ; 5.98 ; 12.76 ; - ; 
010000|0|2|1 ; - ; - ; - ; 100.00 ; - ; - ; - ; - ; - ; - ; - ; - ; - ; 
010000|1|1|0 ; - ; - ; - ; 0.71 ; 20.38 ; - ; - ; 17.66 ; 14.28 ; 15.13 ; 10.12 ; 21.72 ; - ; 
010000|1|1|1 ; - ; - ; - ; 100.00 ; - ; - ; - ; - ; - ; - ; - ; - ; - ; 
010000|1|2|0 ; - ; - ; - ; 0.96 ; - ; - ; - ; 22.03 ; 18.43 ; 18.86 ; 12.55 ; 27.18 ; - ; 
010000|1|2|1 ; - ; - ; - ; 100.00 ; - ; - ; - ; - ; - ; - ; - ; - ; - ; 
010001|0|1|0 ; - ; 11.43 ; 28.60 ; 0.23 ; 8.75 ; 8.80 ; 14.70 ; 6.68 ; 7.17 ; 6.23 ; 4.36 ; 3.04 ; - ; 
010001|0|1|1 ; - ; - ; - ; 100.00 ; - ; - ; - ; - ; - ; - ; - ; - ; - ; 
010001|0|2|0 ; - ; 18.36 ; - ; 0.43 ; - ; 13.85 ; 23.59 ; 10.80 ; 10.97 ; 9.97 ; 7.02 ; 5.00 ; - ; 
010001|0|2|1 ; - ; - ; - ; 100.00 ; - ; - ; - ; - ; - ; - ; - ; - ; - ; 
010001|1|1|0 ; - ; - ; - ; 0.67 ; 24.09 ; - ; - ; 18.50 ; 19.57 ; 16.83 ; 11.98 ; 8.37 ; - ; 
010001|1|1|1 ; - ; - ; - ; 100.00 ; - ; - ; - ; - ; - ; - ; - ; - ; - ; 
010001|1|2|0 ; - ; - ; - ; 0.90 ; - ; - ; - ; 24.23 ; 25.42 ; 22.54 ; 15.83 ; 11.08 ; - ; 
010001|1|2|1 ; - ; - ; - ; 100.00 ; - ; - ; - ; - ; - ; - ; - ; - ; - ; 
010010|0|1|0 ; - ; 10.85 ; 27.66 ; 0.23 ; 9.63 ; 9.80 ; 14.76 ; 6.59 ; 8.30 ; 6.52 ; 4.82 ; 0.85 ; - ; 
010010|0|1|1 ; - ; - ; - ; 100.00 ; - ; - ; - ; - ; - ; - ; - ; - ; - ; 
010010|0|2|0 ; - ; 17.79 ; - ; 0.37 ; - ; 15.04 ; 23.62 ; 10.50 ; 13.10 ; 10.51 ; 7.70 ; 1.37 ; - ; 
010010|0|2|1 ; - ; - ; - ; 100.00 ; - ; - ; - ; - ; - ; - ; - ; - ; - ; 
010010|1|1|0 ; - ; - ; - ; 0.67 ; 26.67 ; - ; - ; 17.90 ; 21.39 ; 17.90 ; 13.15 ; 2.31 ; - ; 
010010|1|1|1 ; - ; - ; - ; 100.00 ; - ; - ; - ; - ; - ; - ; - ; - ; - ; 
010010|1|2|0 ; - ; - ; - ; 0.85 ; - ; - ; - ; 24.08 ; 30.34 ; 24.05 ; 17.52 ; 3.16 ; - ; 
010010|1|2|1 ; - ; - ; - ; 100.00 ; - ; - ; - ; - ; - ; - ; - ; - ; - ; 
010011|0|1|0 ; - ; 10.23 ; 26.24 ; 0.20 ; 10.42 ; 10.68 ; 14.42 ; 6.23 ; 9.53 ; 6.78 ; 5.16 ; 0.11 ; - ; 
010011|0|1|1 ; - ; - ; - ; 100.00 ; - ; - ; - ; - ; - ; - ; - ; - ; - ; 
010011|0|2|0 ; - ; 16.26 ; - ; 0.33 ; - ; 16.75 ; 22.93 ; 9.87 ; 14.89 ; 10.67 ; 8.15 ; 0.16 ; - ; 
010011|0|2|1 ; - ; - ; - ; 100.00 ; - ; - ; - ; - ; - ; - ; - ; - ; - ; 
010011|1|1|0 ; - ; - ; - ; 0.53 ; 27.16 ; - ; - ; 16.43 ; 24.34 ; 17.73 ; 13.53 ; 0.29 ; - ; 
010011|1|1|1 ; - ; - ; - ; 100.00 ; - ; - ; - ; - ; - ; - ; - ; - ; - ; 
010011|1|2|0 ; - ; - ; - ; 0.71 ; - ; - ; - ; 22.67 ; 33.25 ; 24.38 ; 18.62 ; 0.38 ; - ; 
010011|1|2|1 ; - ; - ; - ; 100.00 ; - ; - ; - ; - ; - ; - ; - ; - ; - ; 
010100|0|1|0 ; - ; 9.73 ; 24.97 ; 0.18 ; 11.01 ; 11.17 ; 14.15 ; 5.93 ; 10.42 ; 6.92 ; 5.51 ; 0.00 ; - ; 
010100|0|1|1 ; - ; - ; - ; 100.00 ; - ; - ; - ; - ; - ; - ; - ; - ; - ; 
010100|0|2|0 ; - ; 15.32 ; - ; 0.26 ; - ; 17.13 ; 22.19 ; 9.33 ; 16.25 ; 10.87 ; 8.65 ; 0.00 ; - ; 
010100|0|2|1 ; - ; - ; - ; 100.00 ; - ; - ; - ; - ; - ; - ; - ; - ; - ; 
010100|1|1|0 ; - ; 0.00 ; - ; 0.40 ; 27.19 ; - ; - ; 14.94 ; 26.58 ; 17.23 ; 13.66 ; 0.00 ; - ; 
010100|1|1|1 ; - ; - ; - ; 100.00 ; - ; - ; - ; - ; - ; - ; - ; - ; - ; 
010100|1|2|0 ; - ; - ; - ; 0.61 ; - ; - ; - ; 20.27 ; 37.01 ; 23.48 ; 18.63 ; 0.00 ; - ; 
010100|1|2|1 ; - ; - ; - ; 100.00 ; - ; - ; - ; - ; - ; - ; - ; - ; - ; 
010101|0|1|0 ; - ; 9.23 ; 23.89 ; 0.16 ; 11.48 ; 11.88 ; 13.25 ; 5.70 ; 11.45 ; 7.10 ; 5.86 ; - ; - ; 
010101|0|1|1 ; - ; - ; - ; 100.00 ; - ; - ; - ; - ; - ; - ; - ; - ; - ; 
010101|0|2|0 ; - ; 14.49 ; - ; 0.23 ; - ; 18.40 ; 20.61 ; 8.88 ; 17.34 ; 10.97 ; 9.08 ; - ; - ; 
010101|0|2|1 ; - ; - ; - ; 100.00 ; - ; - ; - ; - ; - ; - ; - ; - ; - ; 
010101|1|1|0 ; - ; - ; - ; 0.36 ; 27.62 ; - ; - ; 13.48 ; 28.08 ; 16.75 ; 13.70 ; - ; - ; 
010101|1|1|1 ; - ; - ; - ; 100.00 ; - ; - ; - ; - ; - ; - ; - ; - ; - ; 
010101|1|2|0 ; - ; - ; - ; 0.49 ; - ; - ; - ; 18.98 ; 37.39 ; 23.63 ; 19.51 ; - ; - ; 
010101|1|2|1 ; - ; - ; - ; 100.00 ; - ; - ; - ; - ; - ; - ; - ; - ; - ; 
010110|0|1|0 ; - ; 8.63 ; 22.68 ; 0.15 ; 12.22 ; 12.70 ; 12.38 ; 5.49 ; 12.22 ; 7.34 ; 6.19 ; - ; - ; 
010110|0|1|1 ; - ; - ; - ; 100.00 ; - ; - ; - ; - ; - ; - ; - ; - ; - ; 
010110|0|2|0 ; - ; 13.55 ; - ; 0.24 ; - ; 19.11 ; 19.13 ; 8.48 ; 18.64 ; 11.34 ; 9.51 ; - ; - ; 
010110|0|2|1 ; - ; - ; - ; 100.00 ; - ; - ; - ; - ; - ; - ; - ; - ; - ; 
010110|1|1|0 ; - ; - ; - ; 0.32 ; 28.41 ; - ; - ; 12.60 ; 27.46 ; 16.95 ; 14.26 ; - ; - ; 
010110|1|1|1 ; - ; - ; - ; 100.00 ; - ; - ; - ; - ; - ; - ; - ; - ; - ; 
010110|1|2|0 ; - ; - ; - ; 0.42 ; - ; - ; - ; 17.38 ; 39.20 ; 23.42 ; 19.59 ; - ; - ; 
010110|1|2|1 ; - ; - ; - ; 100.00 ; - ; - ; - ; - ; - ; - ; - ; - ; - ; 
010111|0|1|0 ; - ; 8.37 ; 21.93 ; 0.13 ; 12.89 ; 12.85 ; 11.45 ; 5.21 ; 13.13 ; 7.53 ; 6.51 ; - ; - ; 
010111|0|1|1 ; - ; - ; - ; 100.00 ; - ; - ; - ; - ; - ; - ; - ; - ; - ; 
010111|0|2|0 ; - ; 12.95 ; - ; 0.20 ; - ; 20.14 ; 17.46 ; 8.00 ; 19.79 ; 11.56 ; 9.90 ; - ; - ; 
010111|0|2|1 ; - ; - ; - ; 100.00 ; - ; - ; - ; - ; - ; - ; - ; - ; - ; 
010111|1|1|0 ; - ; - ; - ; 0.30 ; 28.33 ; - ; - ; 11.49 ; 29.10 ; 16.52 ; 14.26 ; - ; - ; 
010111|1|1|1 ; - ; - ; - ; 100.00 ; - ; - ; - ; - ; - ; - ; - ; - ; - ; 
010111|1|2|0 ; - ; - ; - ; 0.40 ; - ; - ; - ; 16.09 ; 40.39 ; 23.16 ; 19.96 ; - ; - ; 
010111|1|2|1 ; - ; - ; - ; 100.00 ; - ; - ; - ; - ; - ; - ; - ; - ; - ; 
011000|0|1|0 ; - ; 8.07 ; 20.86 ; 0.11 ; 13.64 ; 13.49 ; 10.65 ; 5.03 ; 13.42 ; 7.84 ; 6.90 ; - ; - ; 
011000|0|1|1 ; - ; - ; - ; 100.00 ; - ; - ; - ; - ; - ; - ; - ; - ; - ; 
011000|0|2|0 ; - ; 12.12 ; - ; 0.17 ; - ; 21.21 ; 16.31 ; 7.70 ; 20.11 ; 11.95 ; 10.44 ; - ; - ; 
011000|0|2|1 ; - ; - ; - ; 100.00 ; - ; - ; - ; - ; - ; - ; - ; - ; - ; 
011000|1|1|0 ; - ; - ; - ; 0.26 ; 29.12 ; - ; - ; 10.84 ; 28.32 ; 16.79 ; 14.67 ; - ; - ; 
011000|1|1|1 ; - ; - ; - ; 100.00 ; - ; - ; - ; - ; - ; - ; - ; - ; - ; 
011000|1|2|0 ; - ; - ; - ; 0.34 ; - ; - ; - ; 15.26 ; 40.21 ; 23.42 ; 20.77 ; - ; - ; 
011000|1|2|1 ; - ; - ; - ; 100.00 ; - ; - ; - ; - ; - ; - ; - ; - ; - ; 
011001|0|1|0 ; - ; 7.53 ; 19.80 ; 0.13 ; 14.45 ; 14.46 ; 9.91 ; 4.88 ; 13.52 ; 8.09 ; 7.24 ; - ; - ; 
011001|0|1|1 ; - ; - ; - ; 100.00 ; - ; - ; - ; - ; - ; - ; - ; - ; - ; 
011001|0|2|0 ; - ; 11.62 ; - ; 0.18 ; - ; 22.03 ; 15.07 ; 7.31 ; 20.67 ; 12.16 ; 10.96 ; - ; - ; 
011001|0|2|1 ; - ; - ; - ; 100.00 ; - ; - ; - ; - ; - ; - ; - ; - ; - ; 
011001|1|1|0 ; - ; - ; - ; 0.23 ; 29.73 ; - ; - ; 9.97 ; 28.36 ; 16.70 ; 15.00 ; - ; - ; 
011001|1|1|1 ; - ; - ; - ; 100.00 ; - ; - ; - ; - ; - ; - ; - ; - ; - ; 
011001|1|2|0 ; - ; - ; - ; 0.34 ; - ; - ; - ; 14.30 ; 40.37 ; 23.78 ; 21.21 ; - ; - ; 
011001|1|2|1 ; - ; - ; - ; 100.00 ; - ; - ; - ; - ; - ; - ; - ; - ; - ; 
011010|0|1|0 ; - ; 7.18 ; 18.98 ; 0.12 ; 15.09 ; 15.41 ; 9.17 ; 4.69 ; 13.51 ; 8.24 ; 7.60 ; - ; - ; 
011010|0|1|1 ; - ; - ; - ; 100.00 ; - ; - ; - ; - ; - ; - ; - ; - ; - ; 
011010|0|2|0 ; - ; 10.95 ; - ; 0.15 ; - ; 22.60 ; 14.03 ; 7.11 ; 20.93 ; 12.67 ; 11.56 ; - ; - ; 
011010|0|2|1 ; - ; - ; - ; 100.00 ; - ; - ; - ; - ; - ; - ; - ; - ; - ; 
011010|1|1|0 ; - ; - ; - ; 0.23 ; 30.33 ; - ; - ; 9.52 ; 27.75 ; 16.78 ; 15.40 ; - ; - ; 
011010|1|1|1 ; - ; - ; - ; 100.00 ; - ; - ; - ; - ; - ; - ; - ; - ; - ; 
011010|1|2|0 ; - ; - ; - ; 0.34 ; - ; - ; - ; 13.79 ; 39.16 ; 24.19 ; 22.52 ; - ; - ; 
011010|1|2|1 ; - ; - ; - ; 100.00 ; - ; - ; - ; - ; - ; - ; - ; - ; - ; 
011011|0|1|0 ; - ; 6.98 ; 18.28 ; 0.10 ; 15.76 ; 15.66 ; 8.78 ; 4.49 ; 13.97 ; 8.06 ; 7.91 ; - ; - ; 
011011|0|1|1 ; - ; - ; - ; 100.00 ; - ; - ; - ; - ; - ; - ; - ; - ; - ; 
011011|0|2|0 ; - ; 10.30 ; - ; 0.15 ; - ; 24.02 ; 13.29 ; 6.80 ; 21.23 ; 12.19 ; 12.03 ; - ; - ; 
011011|0|2|1 ; - ; - ; - ; 100.00 ; - ; - ; - ; - ; - ; - ; - ; - ; - ; 
011011|1|1|0 ; - ; - ; - ; 0.23 ; 31.19 ; - ; - ; 8.85 ; 28.04 ; 15.97 ; 15.73 ; - ; - ; 
011011|1|1|1 ; - ; - ; - ; 100.00 ; - ; - ; - ; - ; - ; - ; - ; - ; - ; 
011011|1|2|0 ; - ; - ; - ; 0.32 ; - ; - ; - ; 13.02 ; 40.21 ; 23.50 ; 22.95 ; - ; - ; 
011011|1|2|1 ; - ; - ; - ; 100.00 ; - ; - ; - ; - ; - ; - ; - ; - ; - ; 
011100|0|1|0 ; - ; 6.64 ; 17.60 ; 0.10 ; 16.34 ; 16.68 ; 8.76 ; 4.28 ; 13.44 ; 7.83 ; 8.33 ; - ; - ; 
011100|0|1|1 ; - ; - ; - ; 100.00 ; - ; - ; - ; - ; - ; - ; - ; - ; - ; 
011100|0|2|0 ; - ; 10.21 ; - ; 0.15 ; - ; 24.96 ; 13.28 ; 6.53 ; 20.51 ; 11.83 ; 12.54 ; - ; - ; 
011100|0|2|1 ; - ; - ; - ; 100.00 ; - ; - ; - ; - ; - ; - ; - ; - ; - ; 
011100|1|1|0 ; - ; - ; - ; 0.22 ; 32.69 ; - ; - ; 8.47 ; 26.67 ; 15.41 ; 16.55 ; - ; - ; 
011100|1|1|1 ; - ; - ; - ; 100.00 ; - ; - ; - ; - ; - ; - ; - ; - ; - ; 
011100|1|2|0 ; - ; - ; - ; 0.31 ; - ; - ; - ; 12.68 ; 39.68 ; 22.98 ; 24.34 ; - ; - ; 
011100|1|2|1 ; - ; - ; - ; 100.00 ; - ; - ; - ; - ; - ; - ; - ; - ; - ; 
011101|0|1|0 ; - ; 6.24 ; 16.82 ; 0.12 ; 17.16 ; 17.51 ; 8.78 ; 4.12 ; 13.08 ; 7.56 ; 8.62 ; - ; - ; 
011101|0|1|1 ; - ; - ; - ; 100.00 ; - ; - ; - ; - ; - ; - ; - ; - ; - ; 
011101|0|2|0 ; - ; 9.76 ; - ; 0.21 ; - ; 26.30 ; 13.40 ; 6.31 ; 19.30 ; 11.53 ; 13.20 ; - ; - ; 
011101|0|2|1 ; - ; - ; - ; 100.00 ; - ; - ; - ; - ; - ; - ; - ; - ; - ; 
011101|1|1|0 ; - ; - ; - ; 0.21 ; 34.20 ; - ; - ; 8.22 ; 25.41 ; 14.93 ; 17.02 ; - ; - ; 
011101|1|1|1 ; - ; - ; - ; 100.00 ; - ; - ; - ; - ; - ; - ; - ; - ; - ; 
011101|1|2|0 ; - ; - ; - ; 0.36 ; - ; - ; - ; 12.52 ; 37.91 ; 22.99 ; 26.21 ; - ; - ; 
011101|1|2|1 ; - ; - ; - ; 100.00 ; - ; - ; - ; - ; - ; - ; - ; - ; - ; 
011110|0|1|0 ; - ; 6.11 ; 16.23 ; 0.12 ; 18.02 ; 18.00 ; 8.89 ; 4.04 ; 12.19 ; 7.32 ; 9.09 ; - ; - ; 
011110|0|1|1 ; - ; - ; - ; 100.00 ; - ; - ; - ; - ; - ; - ; - ; - ; - ; 
011110|0|2|0 ; - ; 9.28 ; - ; 0.18 ; - ; 27.12 ; 13.53 ; 6.08 ; 18.79 ; 11.21 ; 13.80 ; - ; - ; 
011110|0|2|1 ; - ; - ; - ; 100.00 ; - ; - ; - ; - ; - ; - ; - ; - ; - ; 
011110|1|1|0 ; - ; - ; - ; 0.25 ; 35.25 ; - ; - ; 7.77 ; 24.50 ; 14.40 ; 17.84 ; - ; - ; 
011110|1|1|1 ; - ; - ; - ; 100.00 ; - ; - ; - ; - ; - ; - ; - ; - ; - ; 
011110|1|2|0 ; - ; - ; - ; 0.43 ; - ; - ; - ; 12.14 ; 37.59 ; 22.27 ; 27.56 ; - ; - ; 
011110|1|2|1 ; - ; - ; - ; 100.00 ; - ; - ; - ; - ; - ; - ; - ; - ; - ; 
011111|0|1|0 ; - ; 5.89 ; 15.39 ; 0.14 ; 18.77 ; 18.83 ; 8.86 ; 3.85 ; 11.62 ; 7.14 ; 9.51 ; - ; - ; 
011111|0|1|1 ; - ; - ; - ; 100.00 ; - ; - ; - ; - ; - ; - ; - ; - ; - ; 
011111|0|2|0 ; - ; 9.18 ; - ; 0.18 ; - ; 28.65 ; 13.53 ; 5.90 ; 17.24 ; 10.81 ; 14.53 ; - ; - ; 
011111|0|2|1 ; - ; - ; - ; 100.00 ; - ; - ; - ; - ; - ; - ; - ; - ; - ; 
011111|1|1|0 ; - ; - ; - ; 0.27 ; 37.08 ; - ; - ; 7.64 ; 22.35 ; 14.00 ; 18.67 ; - ; - ; 
011111|1|1|1 ; - ; - ; - ; 100.00 ; - ; - ; - ; - ; - ; - ; - ; - ; - ; 
011111|1|2|0 ; - ; - ; - ; 0.43 ; - ; - ; - ; 12.12 ; 35.71 ; 22.22 ; 29.52 ; - ; - ; 
011111|1|2|1 ; - ; - ; - ; 100.00 ; - ; - ; - ; - ; - ; - ; - ; - ; - ; 
100000|0|1|0 ; - ; 5.92 ; 15.30 ; 0.16 ; 19.28 ; 19.20 ; 9.17 ; 3.83 ; 10.33 ; 7.07 ; 9.74 ; - ; - ; 
100000|0|1|1 ; - ; - ; - ; 100.00 ; - ; - ; - ; - ; - ; - ; - ; - ; - ; 
100000|0|2|0 ; - ; 8.94 ; - ; 0.22 ; - ; 29.78 ; 13.78 ; 5.80 ; 15.95 ; 10.75 ; 14.78 ; - ; - ; 
100000|0|2|1 ; - ; - ; - ; 100.00 ; - ; - ; - ; - ; - ; - ; - ; - ; - ; 
100000|1|1|0 ; - ; - ; - ; 0.29 ; 37.83 ; - ; - ; 7.51 ; 21.38 ; 13.83 ; 19.16 ; - ; - ; 
100000|1|1|1 ; - ; - ; - ; 100.00 ; - ; - ; - ; - ; - ; - ; - ; - ; - ; 
100000|1|2|0 ; - ; - ; - ; 0.42 ; - ; - ; - ; 12.20 ; 33.94 ; 22.40 ; 31.04 ; - ; - ; 
100000|1|2|1 ; - ; - ; - ; 100.00 ; - ; - ; - ; - ; - ; - ; - ; - ; - ; 
100001|0|1|0 ; - ; 5.74 ; 15.11 ; 0.17 ; 19.43 ; 19.20 ; 9.58 ; 3.78 ; 10.07 ; 7.13 ; 9.78 ; - ; - ; 
100001|0|1|1 ; - ; - ; - ; 100.00 ; - ; - ; - ; - ; - ; - ; - ; - ; - ; 
100001|0|2|0 ; - ; 8.77 ; - ; 0.25 ; - ; 29.43 ; 14.53 ; 5.79 ; 15.45 ; 10.84 ; 14.93 ; - ; - ; 
100001|0|2|1 ; - ; - ; - ; 100.00 ; - ; - ; - ; - ; - ; - ; - ; - ; - ; 
100001|1|1|0 ; - ; - ; - ; 0.36 ; 38.45 ; - ; - ; 7.63 ; 20.13 ; 14.06 ; 19.36 ; - ; - ; 
100001|1|1|1 ; - ; - ; - ; 100.00 ; - ; - ; - ; - ; - ; - ; - ; - ; - ; 
100001|1|2|0 ; - ; - ; - ; 0.55 ; - ; - ; - ; 12.43 ; 32.41 ; 22.94 ; 31.67 ; - ; - ; 
100001|1|2|1 ; - ; - ; - ; 100.00 ; - ; - ; - ; - ; - ; - ; - ; - ; - ; 
100010|0|1|0 ; - ; 5.67 ; 14.93 ; 0.19 ; 19.45 ; 19.09 ; 10.30 ; 3.79 ; 9.79 ; 7.05 ; 9.75 ; - ; - ; 
100010|0|1|1 ; - ; - ; - ; 100.00 ; - ; - ; - ; - ; - ; - ; - ; - ; - ; 
100010|0|2|0 ; - ; 8.76 ; - ; 0.34 ; - ; 28.99 ; 15.68 ; 5.79 ; 14.60 ; 10.88 ; 14.96 ; - ; - ; 
100010|0|2|1 ; - ; - ; - ; 100.00 ; - ; - ; - ; - ; - ; - ; - ; - ; - ; 
100010|1|1|0 ; - ; - ; - ; 0.43 ; 39.25 ; - ; - ; 7.57 ; 18.80 ; 14.30 ; 19.65 ; - ; - ; 
100010|1|1|1 ; - ; - ; - ; 100.00 ; - ; - ; - ; - ; - ; - ; - ; - ; - ; 
100010|1|2|0 ; - ; - ; - ; 0.73 ; - ; - ; - ; 12.57 ; 31.48 ; 23.33 ; 31.88 ; - ; - ; 
100010|1|2|1 ; - ; - ; - ; 100.00 ; - ; - ; - ; - ; - ; - ; - ; - ; - ; 
100011|0|1|0 ; - ; 5.60 ; 14.78 ; 0.22 ; 19.46 ; 19.62 ; 10.60 ; 3.76 ; 9.13 ; 7.10 ; 9.73 ; - ; - ; 
100011|0|1|1 ; - ; - ; - ; 100.00 ; - ; - ; - ; - ; - ; - ; - ; - ; - ; 
100011|0|2|0 ; - ; 8.56 ; - ; 0.36 ; - ; 29.62 ; 16.34 ; 5.85 ; 13.47 ; 10.82 ; 14.98 ; - ; - ; 
100011|0|2|1 ; - ; - ; - ; 100.00 ; - ; - ; - ; - ; - ; - ; - ; - ; - ; 
100011|1|1|0 ; - ; - ; - ; 0.47 ; 39.57 ; - ; - ; 7.72 ; 17.83 ; 14.55 ; 19.86 ; - ; - ; 
100011|1|1|1 ; - ; - ; - ; 100.00 ; - ; - ; - ; - ; - ; - ; - ; - ; - ; 
100011|1|2|0 ; - ; - ; - ; 0.82 ; - ; - ; - ; 12.75 ; 29.06 ; 24.22 ; 33.15 ; - ; - ; 
100011|1|2|1 ; - ; - ; - ; 100.00 ; - ; - ; - ; - ; - ; - ; - ; - ; - ; 
100100|0|1|0 ; - ; 5.81 ; 14.45 ; 0.28 ; 19.63 ; 19.46 ; 11.36 ; 3.82 ; 8.00 ; 7.23 ; 9.96 ; - ; - ; 
100100|0|1|1 ; - ; - ; - ; 100.00 ; - ; - ; - ; - ; - ; - ; - ; - ; - ; 
100100|0|2|0 ; - ; 8.97 ; - ; 0.42 ; - ; 29.80 ; 17.13 ; 5.88 ; 11.69 ; 10.93 ; 15.18 ; - ; - ; 
100100|0|2|1 ; - ; - ; - ; 100.00 ; - ; - ; - ; - ; - ; - ; - ; - ; - ; 
100100|1|1|0 ; - ; - ; - ; 0.59 ; 40.46 ; - ; - ; 7.88 ; 15.88 ; 14.79 ; 20.40 ; - ; - ; 
100100|1|1|1 ; - ; - ; - ; 100.00 ; - ; - ; - ; - ; - ; - ; - ; - ; - ; 
100100|1|2|0 ; - ; - ; - ; 0.90 ; - ; - ; - ; 13.35 ; 26.60 ; 24.89 ; 34.26 ; - ; - ; 
100100|1|2|1 ; - ; - ; - ; 100.00 ; - ; - ; - ; - ; - ; - ; - ; - ; - ; 
100101|0|1|0 ; - ; 5.70 ; 14.23 ; 0.30 ; 19.95 ; 19.92 ; 11.87 ; 3.88 ; 6.95 ; 7.21 ; 10.00 ; - ; - ; 
100101|0|1|1 ; - ; - ; - ; 100.00 ; - ; - ; - ; - ; - ; - ; - ; - ; - ; 
100101|0|2|0 ; - ; 8.48 ; - ; 0.45 ; - ; 29.96 ; 18.05 ; 5.96 ; 10.71 ; 11.16 ; 15.23 ; - ; - ; 
100101|0|2|1 ; - ; - ; - ; 100.00 ; - ; - ; - ; - ; - ; - ; - ; - ; - ; 
100101|1|1|0 ; - ; - ; - ; 0.64 ; 41.04 ; - ; - ; 7.96 ; 14.48 ; 15.04 ; 20.84 ; - ; - ; 
100101|1|1|1 ; - ; - ; - ; 100.00 ; - ; - ; - ; - ; - ; - ; - ; - ; - ; 
100101|1|2|0 ; - ; - ; - ; 1.05 ; - ; - ; - ; 13.45 ; 25.19 ; 25.43 ; 34.87 ; - ; - ; 
100101|1|2|1 ; - ; - ; - ; 100.00 ; - ; - ; - ; - ; - ; - ; - ; - ; - ; 
100110|0|1|0 ; - ; 5.76 ; 13.94 ; 0.37 ; 19.94 ; 20.05 ; 12.48 ; 3.87 ; 6.18 ; 7.30 ; 10.10 ; - ; - ; 
100110|0|1|1 ; - ; - ; - ; 100.00 ; - ; - ; - ; - ; - ; - ; - ; - ; - ; 
100110|0|2|0 ; - ; 8.64 ; - ; 0.57 ; - ; 30.30 ; 18.82 ; 5.79 ; 9.70 ; 11.04 ; 15.14 ; - ; - ; 
100110|0|2|1 ; - ; - ; - ; 100.00 ; - ; - ; - ; - ; - ; - ; - ; - ; - ; 
100110|1|1|0 ; - ; - ; - ; 0.75 ; 41.20 ; - ; - ; 8.03 ; 13.65 ; 15.33 ; 21.03 ; - ; - ; 
100110|1|1|1 ; - ; - ; - ; 100.00 ; - ; - ; - ; - ; - ; - ; - ; - ; - ; 
100110|1|2|0 ; - ; - ; - ; 1.33 ; - ; - ; - ; 13.74 ; 23.02 ; 26.15 ; 35.75 ; - ; - ; 
100110|1|2|1 ; - ; - ; - ; 100.00 ; - ; - ; - ; - ; - ; - ; - ; - ; - ; 
100111|0|1|0 ; - ; 5.66 ; 13.86 ; 0.41 ; 20.07 ; 20.01 ; 13.06 ; 3.83 ; 5.67 ; 7.39 ; 10.05 ; - ; - ; 
100111|0|1|1 ; - ; - ; - ; 100.00 ; - ; - ; - ; - ; - ; - ; - ; - ; - ; 
100111|0|2|0 ; - ; 8.49 ; - ; 0.65 ; - ; 30.11 ; 19.64 ; 5.85 ; 8.97 ; 11.04 ; 15.25 ; - ; - ; 
100111|0|2|1 ; - ; - ; - ; 100.00 ; - ; - ; - ; - ; - ; - ; - ; - ; - ; 
100111|1|1|0 ; - ; - ; - ; 0.86 ; 42.38 ; - ; - ; 8.14 ; 11.52 ; 15.68 ; 21.42 ; - ; - ; 
100111|1|1|1 ; - ; - ; - ; 100.00 ; - ; - ; - ; - ; - ; - ; - ; - ; - ; 
100111|1|2|0 ; - ; - ; - ; 1.60 ; - ; - ; - ; 14.07 ; 20.96 ; 26.58 ; 36.78 ; - ; - ; 
100111|1|2|1 ; - ; - ; - ; 100.00 ; - ; - ; - ; - ; - ; - ; - ; - ; - ; 
101000|0|1|0 ; - ; 5.60 ; 13.61 ; 0.52 ; 20.37 ; 20.05 ; 13.37 ; 3.92 ; 4.83 ; 7.45 ; 10.27 ; - ; - ; 
101000|0|1|1 ; - ; - ; - ; 100.00 ; - ; - ; - ; - ; - ; - ; - ; - ; - ; 
101000|0|2|0 ; - ; 8.77 ; - ; 0.76 ; - ; 29.73 ; 20.47 ; 5.89 ; 7.50 ; 11.27 ; 15.62 ; - ; - ; 
101000|0|2|1 ; - ; - ; - ; 100.00 ; - ; - ; - ; - ; - ; - ; - ; - ; - ; 
101000|1|1|0 ; - ; - ; - ; 1.07 ; 43.32 ; - ; - ; 8.26 ; 10.08 ; 15.64 ; 21.63 ; - ; - ; 
101000|1|1|1 ; - ; - ; - ; 100.00 ; - ; - ; - ; - ; - ; - ; - ; - ; - ; 
101000|1|2|0 ; - ; - ; - ; 1.76 ; - ; - ; - ; 14.57 ; 17.29 ; 27.93 ; 38.43 ; - ; - ; 
101000|1|2|1 ; - ; - ; - ; 100.00 ; - ; - ; - ; - ; - ; - ; - ; - ; - ; 
101001|0|1|0 ; - ; 5.73 ; 13.53 ; 0.58 ; 20.41 ; 19.96 ; 13.83 ; 3.95 ; 4.14 ; 7.52 ; 10.34 ; - ; - ; 
101001|0|1|1 ; - ; - ; - ; 100.00 ; - ; - ; - ; - ; - ; - ; - ; - ; - ; 
101001|0|2|0 ; - ; 8.57 ; - ; 0.79 ; - ; 30.58 ; 20.76 ; 5.98 ; 6.23 ; 11.43 ; 15.66 ; - ; - ; 
101001|0|2|1 ; - ; - ; - ; 100.00 ; - ; - ; - ; - ; - ; - ; - ; - ; - ; 
101001|1|1|0 ; - ; - ; - ; 1.22 ; 43.89 ; - ; - ; 8.26 ; 8.74 ; 15.99 ; 21.90 ; - ; - ; 
101001|1|1|1 ; - ; - ; - ; 100.00 ; - ; - ; - ; - ; - ; - ; - ; - ; - ; 
101001|1|2|0 ; - ; - ; - ; 2.11 ; - ; - ; - ; 14.94 ; 15.17 ; 28.53 ; 39.24 ; - ; - ; 
101001|1|2|1 ; - ; - ; - ; 100.00 ; - ; - ; - ; - ; - ; - ; - ; - ; - ; 
101010|0|1|0 ; - ; 5.83 ; 13.09 ; 0.69 ; 20.85 ; 19.71 ; 14.51 ; 3.95 ; 3.37 ; 7.62 ; 10.38 ; - ; - ; 
101010|0|1|1 ; - ; - ; - ; 100.00 ; - ; - ; - ; - ; - ; - ; - ; - ; - ; 
101010|0|2|0 ; - ; 8.63 ; - ; 1.01 ; - ; 30.80 ; 21.85 ; 5.88 ; 4.92 ; 11.33 ; 15.58 ; - ; - ; 
101010|0|2|1 ; - ; - ; - ; 100.00 ; - ; - ; - ; - ; - ; - ; - ; - ; - ; 
101010|1|1|0 ; - ; - ; - ; 1.49 ; 44.27 ; - ; - ; 8.47 ; 7.09 ; 16.32 ; 22.36 ; - ; - ; 
101010|1|1|1 ; - ; - ; - ; 100.00 ; - ; - ; - ; - ; - ; - ; - ; - ; - ; 
101010|1|2|0 ; - ; - ; - ; 2.60 ; - ; - ; - ; 15.07 ; 13.91 ; 28.73 ; 39.69 ; - ; - ; 
101010|1|2|1 ; - ; - ; - ; 100.00 ; - ; - ; - ; - ; - ; - ; - ; - ; - ; 
101011|0|1|0 ; - ; 5.77 ; 12.58 ; 0.76 ; 20.76 ; 20.10 ; 15.26 ; 3.94 ; 2.87 ; 7.58 ; 10.37 ; - ; - ; 
101011|0|1|1 ; - ; - ; - ; 100.00 ; - ; - ; - ; - ; - ; - ; - ; - ; - ; 
101011|0|2|0 ; - ; 8.66 ; - ; 1.21 ; - ; 30.61 ; 22.81 ; 5.82 ; 4.09 ; 11.35 ; 15.46 ; - ; - ; 
101011|0|2|1 ; - ; - ; - ; 100.00 ; - ; - ; - ; - ; - ; - ; - ; - ; - ; 
101011|1|1|0 ; - ; - ; - ; 1.67 ; 44.41 ; - ; - ; 8.55 ; 6.34 ; 16.50 ; 22.53 ; - ; - ; 
101011|1|1|1 ; - ; - ; - ; 100.00 ; - ; - ; - ; - ; - ; - ; - ; - ; - ; 
101011|1|2|0 ; - ; - ; - ; 3.13 ; - ; - ; - ; 15.75 ; 10.23 ; 29.89 ; 41.01 ; - ; - ; 
101011|1|2|1 ; - ; - ; - ; 100.00 ; - ; - ; - ; - ; - ; - ; - ; - ; - ; 
101100|0|1|0 ; - ; 5.75 ; 12.27 ; 0.85 ; 20.37 ; 20.69 ; 16.11 ; 3.93 ; 2.19 ; 7.50 ; 10.35 ; - ; - ; 
101100|0|1|1 ; - ; - ; - ; 100.00 ; - ; - ; - ; - ; - ; - ; - ; - ; - ; 
101100|0|2|0 ; - ; 8.46 ; - ; 1.23 ; - ; 30.15 ; 24.04 ; 5.81 ; 3.74 ; 11.23 ; 15.35 ; - ; - ; 
101100|0|2|1 ; - ; - ; - ; 100.00 ; - ; - ; - ; - ; - ; - ; - ; - ; - ; 
101100|1|1|0 ; - ; - ; - ; 1.74 ; 45.19 ; - ; - ; 8.54 ; 5.22 ; 16.53 ; 22.78 ; - ; - ; 
101100|1|1|1 ; - ; - ; - ; 100.00 ; - ; - ; - ; - ; - ; - ; - ; - ; - ; 
101100|1|2|0 ; - ; - ; - ; 3.62 ; - ; - ; - ; 15.69 ; 9.29 ; 30.00 ; 41.39 ; - ; - ; 
101100|1|2|1 ; - ; - ; - ; 100.00 ; - ; - ; - ; - ; - ; - ; - ; - ; - ; 
101101|0|1|0 ; - ; 5.54 ; 11.70 ; 1.03 ; 20.60 ; 20.39 ; 17.05 ; 3.94 ; 1.82 ; 7.57 ; 10.37 ; - ; - ; 
101101|0|1|1 ; - ; - ; - ; 100.00 ; - ; - ; - ; - ; - ; - ; - ; - ; - ; 
101101|0|2|0 ; - ; 8.18 ; - ; 1.48 ; - ; 30.31 ; 25.14 ; 5.77 ; 2.76 ; 11.11 ; 15.26 ; - ; - ; 
101101|0|2|1 ; - ; - ; - ; 100.00 ; - ; - ; - ; - ; - ; - ; - ; - ; - ; 
101101|1|1|0 ; - ; - ; - ; 2.23 ; 45.47 ; - ; - ; 8.62 ; 4.50 ; 16.52 ; 22.66 ; - ; - ; 
101101|1|1|1 ; - ; - ; - ; 100.00 ; - ; - ; - ; - ; - ; - ; - ; - ; - ; 
101101|1|2|0 ; - ; - ; - ; 3.94 ; - ; - ; - ; 15.89 ; 7.43 ; 30.62 ; 42.13 ; - ; - ; 
101101|1|2|1 ; - ; - ; - ; 100.00 ; - ; - ; - ; - ; - ; - ; - ; - ; - ; 
101110|0|1|0 ; - ; 5.47 ; 11.13 ; 1.14 ; 20.26 ; 20.69 ; 18.09 ; 3.90 ; 1.51 ; 7.54 ; 10.28 ; - ; - ; 
101110|0|1|1 ; - ; - ; - ; 100.00 ; - ; - ; - ; - ; - ; - ; - ; - ; - ; 
101110|0|2|0 ; - ; 8.07 ; - ; 1.72 ; - ; 30.30 ; 26.21 ; 5.62 ; 2.07 ; 10.96 ; 15.06 ; - ; - ; 
101110|0|2|1 ; - ; - ; - ; 100.00 ; - ; - ; - ; - ; - ; - ; - ; - ; - ; 
101110|1|1|0 ; - ; - ; - ; 2.45 ; 46.11 ; - ; - ; 8.74 ; 2.81 ; 16.82 ; 23.07 ; - ; - ; 
101110|1|1|1 ; - ; - ; - ; 100.00 ; - ; - ; - ; - ; - ; - ; - ; - ; - ; 
101110|1|2|0 ; - ; - ; - ; 4.87 ; - ; - ; - ; 15.84 ; 5.96 ; 31.00 ; 42.34 ; - ; - ; 
101110|1|2|1 ; - ; - ; - ; 100.00 ; - ; - ; - ; - ; - ; - ; - ; - ; - ; 
101111|0|1|0 ; - ; 5.42 ; 10.27 ; 1.28 ; 20.49 ; 20.48 ; 19.29 ; 3.89 ; 0.99 ; 7.61 ; 10.27 ; - ; - ; 
101111|0|1|1 ; - ; - ; - ; 100.00 ; - ; - ; - ; - ; - ; - ; - ; - ; - ; 
101111|0|2|0 ; - ; 7.96 ; - ; 1.79 ; - ; 29.80 ; 27.64 ; 5.57 ; 1.69 ; 10.76 ; 14.80 ; - ; - ; 
101111|0|2|1 ; - ; - ; - ; 100.00 ; - ; - ; - ; - ; - ; - ; - ; - ; - ; 
101111|1|1|0 ; - ; - ; - ; 3.06 ; 45.99 ; - ; - ; 8.59 ; 2.59 ; 16.88 ; 22.89 ; - ; - ; 
101111|1|1|1 ; - ; - ; - ; 100.00 ; - ; - ; - ; - ; - ; - ; - ; - ; - ; 
101111|1|2|0 ; - ; - ; - ; 5.01 ; - ; - ; - ; 15.92 ; 4.80 ; 31.63 ; 42.64 ; - ; - ; 
101111|1|2|1 ; - ; - ; - ; 100.00 ; - ; - ; - ; - ; - ; - ; - ; - ; - ; 
110000|0|1|0 ; - ; 5.54 ; 9.00 ; 1.48 ; 20.84 ; 20.09 ; 20.32 ; 3.88 ; 0.95 ; 7.55 ; 10.36 ; - ; - ; 
110000|0|1|1 ; - ; - ; - ; 100.00 ; - ; - ; - ; - ; - ; - ; - ; - ; - ; 
110000|0|2|0 ; - ; 7.99 ; - ; 2.09 ; - ; 29.38 ; 28.60 ; 5.50 ; 1.23 ; 10.67 ; 14.55 ; - ; - ; 
110000|0|2|1 ; - ; - ; - ; 100.00 ; - ; - ; - ; - ; - ; - ; - ; - ; - ; 
110000|1|1|0 ; - ; - ; - ; 3.53 ; 45.88 ; - ; - ; 8.60 ; 2.36 ; 16.75 ; 22.88 ; - ; - ; 
110000|1|1|1 ; - ; - ; - ; 100.00 ; - ; - ; - ; - ; - ; - ; - ; - ; - ; 
110000|1|2|0 ; - ; - ; - ; 6.48 ; - ; - ; - ; 15.83 ; 3.61 ; 31.26 ; 42.82 ; - ; - ; 
110000|1|2|1 ; - ; - ; - ; 100.00 ; - ; - ; - ; - ; - ; - ; - ; - ; - ; 
110001|0|1|0 ; - ; 5.50 ; 8.13 ; 1.71 ; 21.08 ; 21.10 ; 19.57 ; 3.93 ; 0.57 ; 7.92 ; 10.49 ; - ; - ; 
110001|0|1|1 ; - ; - ; - ; 100.00 ; - ; - ; - ; - ; - ; - ; - ; - ; - ; 
110001|0|2|0 ; - ; 7.93 ; - ; 2.53 ; - ; 30.09 ; 27.22 ; 5.52 ; 1.01 ; 10.87 ; 14.83 ; - ; - ; 
110001|0|2|1 ; - ; - ; - ; 100.00 ; - ; - ; - ; - ; - ; - ; - ; - ; - ; 
110001|1|1|0 ; - ; - ; - ; 3.68 ; 46.07 ; - ; - ; 8.74 ; 1.67 ; 16.90 ; 22.94 ; - ; - ; 
110001|1|1|1 ; - ; - ; - ; 100.00 ; - ; - ; - ; - ; - ; - ; - ; - ; - ; 
110001|1|2|0 ; - ; - ; - ; 7.44 ; - ; - ; - ; 15.82 ; 3.18 ; 31.42 ; 42.14 ; - ; - ; 
110001|1|2|1 ; - ; - ; - ; 100.00 ; - ; - ; - ; - ; - ; - ; - ; - ; - ; 
110010|0|1|0 ; - ; 5.73 ; 7.13 ; 1.99 ; 21.51 ; 21.97 ; 18.36 ; 4.07 ; 0.57 ; 7.89 ; 10.78 ; - ; - ; 
110010|0|1|1 ; - ; - ; - ; 100.00 ; - ; - ; - ; - ; - ; - ; - ; - ; - ; 
110010|0|2|0 ; - ; 8.28 ; - ; 3.11 ; - ; 30.43 ; 25.68 ; 5.64 ; 0.57 ; 11.20 ; 15.08 ; - ; - ; 
110010|0|2|1 ; - ; - ; - ; 100.00 ; - ; - ; - ; - ; - ; - ; - ; - ; - ; 
110010|1|1|0 ; - ; - ; - ; 4.30 ; 46.18 ; - ; - ; 8.57 ; 1.17 ; 16.90 ; 22.89 ; - ; - ; 
110010|1|1|1 ; - ; - ; - ; 100.00 ; - ; - ; - ; - ; - ; - ; - ; - ; - ; 
110010|1|2|0 ; - ; - ; - ; 8.20 ; - ; - ; - ; 16.07 ; 1.43 ; 31.60 ; 42.71 ; - ; - ; 
110010|1|2|1 ; - ; - ; - ; 100.00 ; - ; - ; - ; - ; - ; - ; - ; - ; - ; 
110011|0|1|0 ; - ; 5.76 ; 6.21 ; 2.41 ; 22.66 ; 22.50 ; 16.74 ; 4.17 ; 0.31 ; 8.14 ; 11.10 ; - ; - ; 
110011|0|1|1 ; - ; - ; - ; 100.00 ; - ; - ; - ; - ; - ; - ; - ; - ; - ; 
110011|0|2|0 ; - ; 8.18 ; - ; 3.73 ; - ; 31.00 ; 23.37 ; 5.89 ; 0.63 ; 11.59 ; 15.61 ; - ; - ; 
110011|0|2|1 ; - ; - ; - ; 100.00 ; - ; - ; - ; - ; - ; - ; - ; - ; - ; 
110011|1|1|0 ; - ; - ; - ; 5.00 ; 45.53 ; - ; - ; 8.60 ; 0.89 ; 17.02 ; 22.96 ; - ; - ; 
110011|1|1|1 ; - ; - ; - ; 100.00 ; - ; - ; - ; - ; - ; - ; - ; - ; - ; 
110011|1|2|0 ; - ; - ; - ; 9.30 ; - ; - ; - ; 15.71 ; 1.12 ; 31.55 ; 42.33 ; - ; - ; 
110011|1|2|1 ; - ; - ; - ; 100.00 ; - ; - ; - ; - ; - ; - ; - ; - ; - ; 
110100|0|1|0 ; - ; 5.99 ; 4.87 ; 3.08 ; 23.07 ; 23.85 ; 14.48 ; 4.33 ; 0.42 ; 8.49 ; 11.42 ; - ; - ; 
110100|0|1|1 ; - ; - ; - ; 100.00 ; - ; - ; - ; - ; - ; - ; - ; - ; - ; 
110100|0|2|0 ; - ; 8.49 ; - ; 4.21 ; - ; 32.29 ; 20.61 ; 6.00 ; 0.40 ; 11.90 ; 16.10 ; - ; - ; 
110100|0|2|1 ; - ; - ; - ; 100.00 ; - ; - ; - ; - ; - ; - ; - ; - ; - ; 
110100|1|1|0 ; - ; - ; - ; 5.78 ; 45.74 ; - ; - ; 8.54 ; 0.53 ; 16.79 ; 22.62 ; - ; - ; 
110100|1|1|1 ; - ; - ; - ; 100.00 ; - ; - ; - ; - ; - ; - ; - ; - ; - ; 
110100|1|2|0 ; - ; - ; - ; 10.99 ; - ; - ; - ; 15.64 ; 1.20 ; 30.70 ; 41.47 ; - ; - ; 
110100|1|2|1 ; - ; - ; - ; 100.00 ; - ; - ; - ; - ; - ; - ; - ; - ; - ; 
110101|0|1|0 ; - ; 6.33 ; 3.07 ; 3.78 ; 24.12 ; 25.63 ; 11.78 ; 4.43 ; 0.18 ; 8.76 ; 11.92 ; - ; - ; 
110101|0|1|1 ; - ; - ; - ; 100.00 ; - ; - ; - ; - ; - ; - ; - ; - ; - ; 
110101|0|2|0 ; - ; 8.78 ; - ; 5.39 ; - ; 33.27 ; 16.83 ; 6.33 ; 0.20 ; 12.33 ; 16.86 ; - ; - ; 
110101|0|2|1 ; - ; - ; - ; 100.00 ; - ; - ; - ; - ; - ; - ; - ; - ; - ; 
110101|1|1|0 ; - ; - ; - ; 7.00 ; 45.66 ; - ; - ; 8.26 ; 0.37 ; 16.58 ; 22.13 ; - ; - ; 
110101|1|1|1 ; - ; - ; - ; 100.00 ; - ; - ; - ; - ; - ; - ; - ; - ; - ; 
110101|1|2|0 ; - ; - ; - ; 13.11 ; - ; - ; - ; 15.46 ; 0.74 ; 29.86 ; 40.82 ; - ; - ; 
110101|1|2|1 ; - ; - ; - ; 100.00 ; - ; - ; - ; - ; - ; - ; - ; - ; - ; 
110110|0|1|0 ; - ; 6.68 ; 0.78 ; 4.48 ; 25.92 ; 26.71 ; 8.38 ; 4.75 ; 0.19 ; 9.45 ; 12.66 ; - ; - ; 
110110|0|1|1 ; - ; - ; - ; 100.00 ; - ; - ; - ; - ; - ; - ; - ; - ; - ; 
110110|0|2|0 ; - ; 8.98 ; - ; 6.33 ; - ; 35.67 ; 11.56 ; 6.63 ; 0.21 ; 13.17 ; 17.46 ; - ; - ; 
110110|0|2|1 ; - ; - ; - ; 100.00 ; - ; - ; - ; - ; - ; - ; - ; - ; - ; 
110110|1|1|0 ; - ; - ; - ; 8.09 ; 45.04 ; - ; - ; 8.19 ; 0.30 ; 16.45 ; 21.93 ; - ; - ; 
110110|1|1|1 ; - ; - ; - ; 100.00 ; - ; - ; - ; - ; - ; - ; - ; - ; - ; 
110110|1|2|0 ; - ; - ; - ; 14.76 ; - ; - ; - ; 15.13 ; 0.53 ; 29.87 ; 39.70 ; - ; - ; 
110110|1|2|1 ; - ; - ; - ; 100.00 ; - ; - ; - ; - ; - ; - ; - ; - ; - ; 
110111|0|1|0 ; - ; 7.07 ; - ; 5.81 ; 27.48 ; 27.38 ; 3.43 ; 5.08 ; 0.05 ; 10.15 ; 13.56 ; - ; - ; 
110111|0|1|1 ; - ; - ; - ; 100.00 ; - ; - ; - ; - ; - ; - ; - ; - ; - ; 
110111|0|2|0 ; - ; 9.73 ; - ; 8.28 ; - ; 37.66 ; 4.62 ; 7.16 ; 0.18 ; 13.82 ; 18.55 ; - ; - ; 
110111|0|2|1 ; - ; - ; - ; 100.00 ; - ; - ; - ; - ; - ; - ; - ; - ; - ; 
110111|1|1|0 ; - ; - ; - ; 9.62 ; 43.99 ; - ; - ; 8.36 ; 0.04 ; 16.30 ; 21.69 ; - ; - ; 
110111|1|1|1 ; - ; - ; - ; 100.00 ; - ; - ; - ; - ; - ; - ; - ; - ; - ; 
110111|1|2|0 ; - ; - ; - ; 16.62 ; - ; - ; - ; 14.86 ; 0.30 ; 29.04 ; 39.19 ; - ; - ; 
110111|1|2|1 ; - ; - ; - ; 100.00 ; - ; - ; - ; - ; - ; - ; - ; - ; - ; 
111000|0|1|0 ; - ; 7.43 ; - ; 7.40 ; 28.35 ; 27.46 ; - ; 5.23 ; 0.03 ; 10.35 ; 13.75 ; - ; - ; 
111000|0|1|1 ; - ; - ; - ; 100.00 ; - ; - ; - ; - ; - ; - ; - ; - ; - ; 
111000|0|2|0 ; - ; 10.20 ; - ; 9.86 ; - ; 38.60 ; - ; 7.36 ; 0.04 ; 14.58 ; 19.35 ; - ; - ; 
111000|0|2|1 ; - ; - ; - ; 100.00 ; - ; - ; - ; - ; - ; - ; - ; - ; - ; 
111000|1|1|0 ; - ; - ; - ; 11.07 ; 43.45 ; - ; - ; 8.06 ; 0.14 ; 16.05 ; 21.23 ; - ; - ; 
111000|1|1|1 ; - ; - ; - ; 100.00 ; - ; - ; - ; - ; - ; - ; - ; - ; - ; 
111000|1|2|0 ; - ; - ; - ; 19.99 ; - ; - ; - ; 14.24 ; 0.16 ; 28.29 ; 37.31 ; - ; - ; 
111000|1|2|1 ; - ; - ; - ; 100.00 ; - ; - ; - ; - ; - ; - ; - ; - ; - ; 
111001|0|1|0 ; - ; 7.08 ; - ; 8.77 ; 27.57 ; 27.98 ; - ; 5.08 ; 0.03 ; 10.16 ; 13.32 ; - ; - ; 
111001|0|1|1 ; - ; - ; - ; 100.00 ; - ; - ; - ; - ; - ; - ; - ; - ; - ; 
111001|0|2|0 ; - ; 9.80 ; - ; 12.01 ; - ; 39.05 ; - ; 6.95 ; - ; 13.90 ; 18.30 ; - ; - ; 
111001|0|2|1 ; - ; - ; - ; 100.00 ; - ; - ; - ; - ; - ; - ; - ; - ; - ; 
111001|1|1|0 ; - ; - ; - ; 13.54 ; 42.68 ; - ; - ; 7.65 ; 0.10 ; 15.53 ; 20.50 ; - ; - ; 
111001|1|1|1 ; - ; - ; - ; 100.00 ; - ; - ; - ; - ; - ; - ; - ; - ; - ; 
111001|1|2|0 ; - ; - ; - ; 23.17 ; - ; - ; - ; 13.63 ; - ; 27.19 ; 36.01 ; - ; - ; 
111001|1|2|1 ; - ; - ; - ; 100.00 ; - ; - ; - ; - ; - ; - ; - ; - ; - ; 
111010|0|1|0 ; - ; 6.99 ; - ; 10.68 ; 27.00 ; 27.46 ; - ; 4.92 ; - ; 10.05 ; 12.90 ; - ; - ; 
111010|0|1|1 ; - ; - ; - ; 100.00 ; - ; - ; - ; - ; - ; - ; - ; - ; - ; 
111010|0|2|0 ; - ; 9.85 ; - ; 14.63 ; - ; 37.31 ; - ; 6.83 ; - ; 13.55 ; 17.82 ; - ; - ; 
111010|0|2|1 ; - ; - ; - ; 100.00 ; - ; - ; - ; - ; - ; - ; - ; - ; - ; 
111010|1|1|0 ; - ; - ; - ; 16.31 ; 40.94 ; - ; - ; 7.74 ; 0.06 ; 15.13 ; 19.82 ; - ; - ; 
111010|1|1|1 ; - ; - ; - ; 100.00 ; - ; - ; - ; - ; - ; - ; - ; - ; - ; 
111010|1|2|0 ; - ; - ; - ; 28.26 ; - ; - ; - ; 12.81 ; 0.10 ; 25.27 ; 33.56 ; - ; - ; 
111010|1|2|1 ; - ; - ; - ; 100.00 ; - ; - ; - ; - ; - ; - ; - ; - ; - ; 
111011|0|1|0 ; - ; 6.56 ; - ; 13.22 ; 26.15 ; 27.40 ; - ; 4.76 ; - ; 9.67 ; 12.24 ; - ; - ; 
111011|0|1|1 ; - ; - ; - ; 100.00 ; - ; - ; - ; - ; - ; - ; - ; - ; - ; 
111011|0|2|0 ; - ; 9.14 ; - ; 18.52 ; - ; 35.54 ; - ; 6.71 ; - ; 13.13 ; 16.97 ; - ; - ; 
111011|0|2|1 ; - ; - ; - ; 100.00 ; - ; - ; - ; - ; - ; - ; - ; - ; - ; 
111011|1|1|0 ; - ; - ; - ; 20.42 ; 39.07 ; - ; - ; 7.16 ; - ; 14.67 ; 18.68 ; - ; - ; 
111011|1|1|1 ; - ; - ; - ; 100.00 ; - ; - ; - ; - ; - ; - ; - ; - ; - ; 
111011|1|2|0 ; - ; - ; - ; 32.15 ; - ; - ; - ; 12.19 ; - ; 24.30 ; 31.36 ; - ; - ; 
111011|1|2|1 ; - ; - ; - ; 100.00 ; - ; - ; - ; - ; - ; - ; - ; - ; - ; 
111100|0|1|0 ; - ; 6.49 ; - ; 17.35 ; 24.97 ; 26.13 ; - ; 4.50 ; 0.06 ; 9.15 ; 11.35 ; - ; - ; 
111100|0|1|1 ; - ; - ; - ; 100.00 ; - ; - ; - ; - ; - ; - ; - ; - ; - ; 
111100|0|2|0 ; - ; 8.78 ; - ; 22.88 ; - ; 34.60 ; - ; 5.96 ; - ; 12.47 ; 15.32 ; - ; - ; 
111100|0|2|1 ; - ; - ; - ; 100.00 ; - ; - ; - ; - ; - ; - ; - ; - ; - ; 
111100|1|1|0 ; - ; - ; - ; 25.09 ; 37.07 ; - ; - ; 7.01 ; - ; 13.57 ; 17.27 ; - ; - ; 
111100|1|1|1 ; - ; - ; - ; 100.00 ; - ; - ; - ; - ; - ; - ; - ; - ; - ; 
111100|1|2|0 ; - ; - ; - ; 39.62 ; - ; - ; - ; 10.74 ; - ; 22.20 ; 27.45 ; - ; - ; 
111100|1|2|1 ; - ; - ; - ; 100.00 ; - ; - ; - ; - ; - ; - ; - ; - ; - ; 
111101|0|1|0 ; - ; 5.75 ; - ; 23.37 ; 23.70 ; 24.10 ; - ; 4.30 ; - ; 8.46 ; 10.32 ; - ; - ; 
111101|0|1|1 ; - ; - ; - ; 100.00 ; - ; - ; - ; - ; - ; - ; - ; - ; - ; 
111101|0|2|0 ; - ; 7.70 ; - ; 32.50 ; - ; 29.63 ; - ; 5.69 ; - ; 11.01 ; 13.47 ; - ; - ; 
111101|0|2|1 ; - ; - ; - ; 100.00 ; - ; - ; - ; - ; - ; - ; - ; - ; - ; 
111101|1|1|0 ; - ; - ; - ; 33.93 ; 33.00 ; - ; - ; 6.14 ; - ; 11.96 ; 14.97 ; - ; - ; 
111101|1|1|1 ; - ; - ; - ; 100.00 ; - ; - ; - ; - ; - ; - ; - ; - ; - ; 
111101|1|2|0 ; - ; - ; - ; 50.38 ; - ; - ; - ; 9.31 ; - ; 18.40 ; 21.91 ; - ; - ; 
111101|1|2|1 ; - ; - ; - ; 100.00 ; - ; - ; - ; - ; - ; - ; - ; - ; - ; 
111110|0|1|0 ; - ; 4.96 ; - ; 34.36 ; 20.38 ; 20.20 ; - ; 3.91 ; - ; 7.51 ; 8.68 ; - ; - ; 
111110|0|1|1 ; - ; - ; - ; 100.00 ; - ; - ; - ; - ; - ; - ; - ; - ; - ; 
111110|0|2|0 ; - ; 6.36 ; - ; 42.75 ; - ; 26.30 ; - ; 4.81 ; - ; 9.21 ; 10.58 ; - ; - ; 
111110|0|2|1 ; - ; - ; - ; 100.00 ; - ; - ; - ; - ; - ; - ; - ; - ; - ; 
111110|1|1|0 ; - ; - ; - ; 47.36 ; 26.68 ; - ; - ; 4.91 ; - ; 9.81 ; 11.25 ; - ; - ; 
111110|1|1|1 ; - ; - ; - ; 100.00 ; - ; - ; - ; - ; - ; - ; - ; - ; - ; 
111110|1|2|0 ; - ; - ; - ; 63.60 ; - ; - ; - ; 6.71 ; - ; 13.54 ; 16.15 ; - ; - ; 
111110|1|2|1 ; - ; - ; - ; 100.00 ; - ; - ; - ; - ; - ; - ; - ; - ; - ; 
111111|0|1|0 ; - ; 2.48 ; - ; 63.73 ; 11.57 ; 10.77 ; - ; 2.09 ; - ; 4.33 ; 5.05 ; - ; - ; 
111111|0|1|1 ; - ; - ; - ; 100.00 ; - ; - ; - ; - ; - ; - ; - ; - ; - ; 
111111|0|2|0 ; - ; 3.43 ; - ; 71.63 ; - ; 12.04 ; - ; 2.43 ; - ; 4.93 ; 5.55 ; - ; - ; 
111111|0|2|1 ; - ; - ; - ; 100.00 ; - ; - ; - ; - ; - ; - ; - ; - ; - ; 
111111|1|1|0 ; - ; - ; - ; 73.23 ; 13.71 ; - ; - ; 2.51 ; - ; 4.94 ; 5.60 ; - ; - ; 
111111|1|1|1 ; - ; - ; - ; 100.00 ; - ; - ; - ; - ; - ; - ; - ; - ; - ; 
111111|1|2|0 ; - ; - ; - ; 85.45 ; - ; - ; - ; 2.75 ; - ; 5.53 ; 6.27 ; - ; - ; 
111111|1|2|1 ; - ; - ; - ; 100.00 ; - ; - ; - ; - ; - ; - ; - ; - ; - ; 